<?xml version="1.0" encoding="UTF-8"?><Entities>
    
  <ExtensionPackages>
        
    <ExtensionPackage dependsOn="" haCompatible="false" minimumThingWorxVersion="9.0.0" name="A_OCBFOY3KBD2VN_kafka_473" packageVersion="1.0.0" vendor="ThingWorx EMEA-RO PRESALES IOT" description="some description">
            
      <JarResources>
                
        <FileResource type="JAR" file="A_OCBFOY3KBD2VN_kafka_473-1.0.7.jar"/>
                
        <FileResource type="JAR" file="spring-kafka-2.2.1.RELEASE.jar"/>
                
        <FileResource type="JAR" file="spring-messaging-5.1.3.RELEASE.jar"/>
                
        <FileResource type="JAR" file="spring-retry-1.2.2.RELEASE.jar"/>
              
      </JarResources>
          
    </ExtensionPackage>
      
  </ExtensionPackages>
    
  <ThingPackages>
        
    <ThingPackage className="thingworx.KafkaThing_version473" description="some description" name="A_OCBFOY3KBD2VN_kafka_473"/>
      
  </ThingPackages>
    
  <ThingTemplates>
        
    <ThingTemplate aspect.isEditableExtensionObject="false" description="thing template description" name="KafkaThing" thingPackage="A_OCBFOY3KBD2VN_kafka_473"/>
      
  </ThingTemplates>
    
  <Things>
        
    <Thing aspect.isEditableExtensionObject="false" description="thing description" enabled="true" name="Kafka" thingTemplate="KafkaThing"/>
      
  </Things>
  
</Entities>
